{
	"class_success_rate" : 
	[
		99.081634521484375,
		99.030838012695312,
		98.06201171875,
		98.514854431152344,
		96.639511108398438,
		96.636772155761719,
		97.596656799316406,
		96.10894775390625,
		97.535934448242188,
		95.044601440429688
	],
	"confusion_matrix" : 
	[
		[
			971,
			0,
			2,
			0,
			1,
			3,
			4,
			0,
			2,
			1
		],
		[
			0,
			1124,
			0,
			0,
			0,
			0,
			3,
			7,
			0,
			6
		],
		[
			1,
			2,
			1012,
			4,
			4,
			0,
			3,
			14,
			3,
			0
		],
		[
			0,
			2,
			2,
			995,
			0,
			13,
			0,
			2,
			3,
			10
		],
		[
			0,
			0,
			2,
			0,
			949,
			2,
			5,
			2,
			2,
			10
		],
		[
			2,
			1,
			1,
			2,
			0,
			862,
			5,
			0,
			8,
			6
		],
		[
			3,
			1,
			0,
			0,
			8,
			2,
			934,
			0,
			1,
			1
		],
		[
			1,
			0,
			8,
			6,
			1,
			0,
			0,
			988,
			3,
			8
		],
		[
			2,
			4,
			5,
			3,
			1,
			8,
			3,
			3,
			950,
			8
		],
		[
			0,
			1,
			0,
			0,
			18,
			2,
			0,
			12,
			2,
			959
		]
	],
	"succes_result" : 97.449745178222656,
	"total_correct" : 9744,
	"total_wrong" : 255
}