{
	"class_success_rate" : 
	[
		98.979591369628906,
		99.207046508789062,
		96.802322387695312,
		96.435646057128906,
		96.334014892578125,
		96.300445556640625,
		97.596656799316406,
		95.525291442871094,
		93.531829833984375,
		93.557975769042969
	],
	"confusion_matrix" : 
	[
		[
			970,
			0,
			11,
			0,
			1,
			5,
			6,
			0,
			7,
			2
		],
		[
			1,
			1126,
			1,
			2,
			0,
			1,
			3,
			15,
			3,
			8
		],
		[
			1,
			2,
			999,
			4,
			3,
			1,
			0,
			9,
			5,
			0
		],
		[
			1,
			2,
			1,
			974,
			0,
			8,
			0,
			1,
			12,
			9
		],
		[
			0,
			0,
			2,
			0,
			946,
			4,
			7,
			5,
			6,
			23
		],
		[
			1,
			2,
			1,
			9,
			0,
			859,
			7,
			0,
			12,
			6
		],
		[
			4,
			2,
			4,
			0,
			13,
			7,
			934,
			0,
			6,
			1
		],
		[
			1,
			0,
			9,
			11,
			5,
			0,
			0,
			982,
			5,
			12
		],
		[
			1,
			1,
			4,
			8,
			1,
			5,
			0,
			0,
			911,
			4
		],
		[
			0,
			0,
			0,
			2,
			13,
			2,
			0,
			16,
			7,
			944
		]
	],
	"succes_result" : 96.459648132324219,
	"total_correct" : 9645,
	"total_wrong" : 354
}