{
	"class_success_rate" : 
	[
		99.081634521484375,
		99.030838012695312,
		96.802322387695312,
		97.22772216796875,
		95.417518615722656,
		95.179374694824219,
		97.596656799316406,
		95.428016662597656,
		93.22381591796875,
		94.747276306152344
	],
	"confusion_matrix" : 
	[
		[
			971,
			0,
			8,
			0,
			2,
			6,
			6,
			1,
			7,
			5
		],
		[
			1,
			1124,
			1,
			1,
			0,
			2,
			3,
			13,
			4,
			7
		],
		[
			1,
			3,
			999,
			5,
			3,
			1,
			0,
			14,
			5,
			0
		],
		[
			1,
			2,
			2,
			982,
			0,
			14,
			1,
			1,
			13,
			11
		],
		[
			0,
			0,
			2,
			1,
			937,
			1,
			4,
			2,
			8,
			9
		],
		[
			1,
			0,
			0,
			4,
			0,
			849,
			8,
			0,
			8,
			2
		],
		[
			3,
			3,
			4,
			0,
			8,
			7,
			934,
			0,
			5,
			1
		],
		[
			1,
			1,
			11,
			8,
			7,
			2,
			0,
			981,
			9,
			14
		],
		[
			1,
			2,
			5,
			7,
			2,
			6,
			1,
			1,
			908,
			4
		],
		[
			0,
			0,
			0,
			2,
			23,
			4,
			0,
			15,
			7,
			956
		]
	],
	"succes_result" : 96.419639587402344,
	"total_correct" : 9641,
	"total_wrong" : 358
}