{
	"class_success_rate" : 
	[
		98.877548217773438,
		98.854621887207031,
		98.158912658691406,
		98.118812561035156,
		97.046844482421875,
		97.869956970214844,
		98.223617553710938,
		95.817123413085938,
		97.946609497070312,
		96.333000183105469
	],
	"confusion_matrix" : 
	[
		[
			969,
			0,
			3,
			0,
			1,
			3,
			6,
			1,
			5,
			2
		],
		[
			0,
			1122,
			2,
			0,
			0,
			0,
			2,
			8,
			0,
			4
		],
		[
			2,
			2,
			1013,
			4,
			3,
			0,
			1,
			14,
			2,
			0
		],
		[
			0,
			3,
			2,
			991,
			0,
			5,
			1,
			3,
			2,
			7
		],
		[
			0,
			0,
			1,
			0,
			953,
			1,
			2,
			2,
			2,
			11
		],
		[
			2,
			1,
			1,
			5,
			0,
			873,
			4,
			1,
			5,
			5
		],
		[
			4,
			2,
			1,
			0,
			6,
			4,
			940,
			0,
			1,
			1
		],
		[
			1,
			1,
			5,
			5,
			2,
			0,
			0,
			985,
			2,
			3
		],
		[
			2,
			4,
			4,
			3,
			2,
			3,
			1,
			2,
			954,
			4
		],
		[
			0,
			0,
			0,
			2,
			15,
			3,
			0,
			12,
			1,
			972
		]
	],
	"succes_result" : 97.729774475097656,
	"total_correct" : 9772,
	"total_wrong" : 227
}