{
	"class_success_rate" : 
	[
		98.877548217773438,
		99.207046508789062,
		97.383720397949219,
		98.217819213867188,
		96.537681579589844,
		96.300445556640625,
		97.910133361816406,
		96.400779724121094,
		97.843940734863281,
		96.134788513183594
	],
	"confusion_matrix" : 
	[
		[
			969,
			0,
			6,
			0,
			2,
			4,
			5,
			1,
			5,
			3
		],
		[
			0,
			1126,
			3,
			0,
			0,
			0,
			2,
			6,
			0,
			4
		],
		[
			1,
			2,
			1005,
			3,
			2,
			1,
			1,
			13,
			1,
			0
		],
		[
			1,
			3,
			2,
			992,
			0,
			9,
			1,
			2,
			2,
			5
		],
		[
			1,
			0,
			3,
			0,
			948,
			1,
			2,
			1,
			2,
			11
		],
		[
			1,
			0,
			1,
			1,
			1,
			859,
			5,
			1,
			5,
			4
		],
		[
			3,
			1,
			1,
			1,
			8,
			6,
			937,
			0,
			1,
			1
		],
		[
			1,
			0,
			7,
			5,
			1,
			1,
			0,
			991,
			2,
			7
		],
		[
			2,
			3,
			4,
			6,
			2,
			8,
			4,
			2,
			953,
			4
		],
		[
			1,
			0,
			0,
			2,
			18,
			3,
			0,
			11,
			3,
			970
		]
	],
	"succes_result" : 97.509750366210938,
	"total_correct" : 9750,
	"total_wrong" : 249
}