{
	"class_success_rate" : 
	[
		97.959182739257812,
		97.97357177734375,
		95.348838806152344,
		94.851486206054688,
		93.991851806640625,
		94.282508850097656,
		96.551727294921875,
		94.066146850585938,
		95.071868896484375,
		94.053520202636719
	],
	"confusion_matrix" : 
	[
		[
			960,
			0,
			6,
			0,
			3,
			6,
			8,
			1,
			5,
			5
		],
		[
			0,
			1112,
			4,
			0,
			2,
			2,
			3,
			13,
			3,
			6
		],
		[
			1,
			4,
			984,
			13,
			5,
			4,
			0,
			17,
			4,
			1
		],
		[
			1,
			5,
			4,
			958,
			0,
			15,
			1,
			1,
			9,
			11
		],
		[
			1,
			0,
			4,
			0,
			923,
			2,
			3,
			6,
			8,
			17
		],
		[
			4,
			0,
			0,
			12,
			0,
			841,
			11,
			0,
			4,
			3
		],
		[
			7,
			4,
			6,
			2,
			12,
			10,
			924,
			0,
			8,
			0
		],
		[
			1,
			1,
			9,
			8,
			1,
			1,
			0,
			967,
			3,
			5
		],
		[
			5,
			9,
			13,
			16,
			4,
			7,
			7,
			7,
			926,
			12
		],
		[
			0,
			0,
			2,
			1,
			32,
			4,
			0,
			16,
			4,
			949
		]
	],
	"succes_result" : 95.449546813964844,
	"total_correct" : 9544,
	"total_wrong" : 455
}