{
	"class_success_rate" : 
	[
		98.673469543457031,
		99.207046508789062,
		96.511627197265625,
		96.13861083984375,
		95.723014831542969,
		95.627799987792969,
		97.596656799316406,
		93.871597290039062,
		93.121147155761719,
		94.648162841796875
	],
	"confusion_matrix" : 
	[
		[
			967,
			0,
			8,
			1,
			1,
			6,
			8,
			0,
			7,
			4
		],
		[
			0,
			1126,
			0,
			2,
			1,
			3,
			3,
			18,
			3,
			7
		],
		[
			1,
			3,
			996,
			5,
			3,
			2,
			1,
			15,
			5,
			1
		],
		[
			1,
			2,
			2,
			971,
			0,
			11,
			2,
			1,
			9,
			9
		],
		[
			0,
			0,
			6,
			0,
			940,
			3,
			3,
			4,
			8,
			17
		],
		[
			2,
			0,
			1,
			8,
			0,
			853,
			4,
			0,
			13,
			4
		],
		[
			6,
			2,
			4,
			0,
			9,
			8,
			934,
			0,
			5,
			1
		],
		[
			1,
			1,
			9,
			12,
			3,
			1,
			0,
			965,
			7,
			7
		],
		[
			2,
			1,
			6,
			6,
			2,
			3,
			2,
			1,
			907,
			4
		],
		[
			0,
			0,
			0,
			5,
			23,
			2,
			0,
			24,
			10,
			955
		]
	],
	"succes_result" : 96.149612426757812,
	"total_correct" : 9614,
	"total_wrong" : 385
}