{
	"class_success_rate" : 
	[
		99.081634521484375,
		99.118942260742188,
		97.383720397949219,
		97.524749755859375,
		96.130348205566406,
		96.973091125488281,
		97.387672424316406,
		95.817123413085938,
		97.330596923828125,
		95.738357543945312
	],
	"confusion_matrix" : 
	[
		[
			971,
			0,
			8,
			0,
			1,
			3,
			4,
			0,
			2,
			2
		],
		[
			0,
			1125,
			1,
			0,
			0,
			0,
			3,
			6,
			0,
			4
		],
		[
			0,
			2,
			1005,
			4,
			5,
			0,
			1,
			12,
			5,
			0
		],
		[
			0,
			2,
			0,
			985,
			0,
			11,
			0,
			6,
			3,
			9
		],
		[
			0,
			0,
			3,
			0,
			944,
			2,
			5,
			2,
			3,
			7
		],
		[
			1,
			0,
			1,
			9,
			0,
			865,
			8,
			1,
			6,
			10
		],
		[
			3,
			1,
			1,
			0,
			8,
			3,
			932,
			0,
			2,
			1
		],
		[
			1,
			2,
			9,
			6,
			2,
			1,
			0,
			985,
			2,
			5
		],
		[
			4,
			3,
			4,
			5,
			1,
			3,
			4,
			3,
			948,
			5
		],
		[
			0,
			0,
			0,
			1,
			21,
			4,
			0,
			13,
			3,
			966
		]
	],
	"succes_result" : 97.269729614257812,
	"total_correct" : 9726,
	"total_wrong" : 273
}