{
	"class_success_rate" : 
	[
		98.979591369628906,
		99.118942260742188,
		97.577522277832031,
		97.22772216796875,
		97.046844482421875,
		96.748878479003906,
		97.387672424316406,
		97.568092346191406,
		94.558525085449219,
		94.945487976074219
	],
	"confusion_matrix" : 
	[
		[
			970,
			0,
			5,
			0,
			1,
			3,
			6,
			0,
			8,
			4
		],
		[
			1,
			1125,
			1,
			1,
			0,
			0,
			3,
			10,
			2,
			7
		],
		[
			1,
			3,
			1007,
			8,
			3,
			0,
			0,
			8,
			6,
			0
		],
		[
			1,
			3,
			3,
			982,
			0,
			11,
			1,
			0,
			8,
			9
		],
		[
			0,
			1,
			1,
			1,
			953,
			2,
			5,
			2,
			3,
			13
		],
		[
			1,
			0,
			0,
			5,
			0,
			863,
			9,
			0,
			6,
			3
		],
		[
			4,
			2,
			2,
			0,
			7,
			8,
			932,
			0,
			7,
			1
		],
		[
			1,
			1,
			12,
			9,
			3,
			1,
			0,
			1003,
			7,
			13
		],
		[
			1,
			0,
			1,
			4,
			1,
			3,
			1,
			1,
			921,
			1
		],
		[
			0,
			0,
			0,
			0,
			14,
			1,
			0,
			4,
			6,
			958
		]
	],
	"succes_result" : 97.149711608886719,
	"total_correct" : 9714,
	"total_wrong" : 285
}