{
	"class_success_rate" : 
	[
		98.367347717285156,
		98.766517639160156,
		96.220932006835938,
		94.356437683105469,
		95.824844360351562,
		95.291481018066406,
		95.924766540527344,
		93.9688720703125,
		95.790557861328125,
		93.161544799804688
	],
	"confusion_matrix" : 
	[
		[
			964,
			0,
			5,
			2,
			2,
			4,
			9,
			2,
			8,
			6
		],
		[
			1,
			1121,
			0,
			0,
			1,
			1,
			3,
			14,
			3,
			8
		],
		[
			1,
			5,
			993,
			12,
			5,
			2,
			1,
			16,
			3,
			0
		],
		[
			0,
			2,
			0,
			953,
			0,
			16,
			1,
			5,
			8,
			10
		],
		[
			0,
			0,
			4,
			2,
			941,
			3,
			7,
			6,
			9,
			22
		],
		[
			3,
			1,
			1,
			9,
			0,
			850,
			13,
			1,
			4,
			8
		],
		[
			7,
			2,
			6,
			2,
			9,
			7,
			918,
			0,
			3,
			1
		],
		[
			1,
			0,
			9,
			7,
			1,
			2,
			0,
			966,
			2,
			8
		],
		[
			3,
			4,
			13,
			20,
			2,
			5,
			4,
			3,
			933,
			6
		],
		[
			0,
			0,
			1,
			3,
			21,
			2,
			1,
			15,
			1,
			940
		]
	],
	"succes_result" : 95.799583435058594,
	"total_correct" : 9579,
	"total_wrong" : 420
}