{
	"class_success_rate" : 
	[
		98.673469543457031,
		98.942733764648438,
		96.608528137207031,
		96.534652709960938,
		96.435844421386719,
		96.300445556640625,
		97.178680419921875,
		94.8443603515625,
		96.406570434570312,
		95.143707275390625
	],
	"confusion_matrix" : 
	[
		[
			967,
			0,
			6,
			1,
			1,
			4,
			6,
			1,
			6,
			4
		],
		[
			1,
			1123,
			0,
			0,
			1,
			2,
			3,
			10,
			0,
			8
		],
		[
			1,
			4,
			997,
			10,
			3,
			0,
			1,
			19,
			2,
			0
		],
		[
			1,
			2,
			4,
			975,
			0,
			9,
			1,
			2,
			7,
			9
		],
		[
			0,
			0,
			3,
			0,
			947,
			1,
			4,
			6,
			6,
			12
		],
		[
			2,
			1,
			0,
			1,
			0,
			859,
			8,
			0,
			7,
			2
		],
		[
			6,
			2,
			3,
			0,
			8,
			8,
			930,
			0,
			1,
			1
		],
		[
			1,
			0,
			9,
			7,
			1,
			2,
			0,
			975,
			4,
			3
		],
		[
			1,
			3,
			10,
			13,
			2,
			5,
			4,
			2,
			939,
			10
		],
		[
			0,
			0,
			0,
			3,
			19,
			2,
			0,
			13,
			2,
			960
		]
	],
	"succes_result" : 96.72967529296875,
	"total_correct" : 9672,
	"total_wrong" : 327
}