{
	"class_success_rate" : 
	[
		98.7755126953125,
		99.471366882324219,
		96.511627197265625,
		97.128715515136719,
		96.435844421386719,
		96.300445556640625,
		97.596656799316406,
		95.525291442871094,
		95.071868896484375,
		94.846382141113281
	],
	"confusion_matrix" : 
	[
		[
			968,
			0,
			9,
			0,
			2,
			4,
			7,
			1,
			6,
			7
		],
		[
			1,
			1129,
			3,
			1,
			1,
			2,
			3,
			19,
			2,
			7
		],
		[
			1,
			2,
			996,
			6,
			1,
			1,
			1,
			11,
			4,
			1
		],
		[
			1,
			2,
			1,
			981,
			0,
			8,
			1,
			1,
			8,
			12
		],
		[
			0,
			0,
			2,
			1,
			947,
			2,
			4,
			2,
			5,
			11
		],
		[
			1,
			0,
			0,
			7,
			1,
			859,
			7,
			0,
			6,
			0
		],
		[
			6,
			2,
			5,
			0,
			10,
			8,
			934,
			0,
			4,
			1
		],
		[
			1,
			0,
			10,
			8,
			3,
			1,
			0,
			982,
			7,
			10
		],
		[
			1,
			0,
			5,
			5,
			1,
			4,
			0,
			1,
			926,
			3
		],
		[
			0,
			0,
			1,
			1,
			16,
			3,
			0,
			11,
			6,
			957
		]
	],
	"succes_result" : 96.7996826171875,
	"total_correct" : 9679,
	"total_wrong" : 320
}