{
	"epsilon" : 0.10000000149011612,
	"gamma" : 0.94999998807907104,
	"path_epochs_count" : 10,
	"path_max_length" : 1000
}