{
	"class_success_rate" : 
	[
		98.7755126953125,
		99.118942260742188,
		96.899223327636719,
		96.930694580078125,
		96.435844421386719,
		96.748878479003906,
		97.283180236816406,
		96.400779724121094,
		94.455848693847656,
		94.648162841796875
	],
	"confusion_matrix" : 
	[
		[
			968,
			0,
			8,
			1,
			2,
			3,
			6,
			1,
			9,
			6
		],
		[
			1,
			1125,
			1,
			1,
			0,
			1,
			4,
			16,
			3,
			7
		],
		[
			1,
			3,
			1000,
			5,
			2,
			1,
			2,
			10,
			6,
			1
		],
		[
			1,
			2,
			2,
			979,
			0,
			9,
			0,
			0,
			6,
			11
		],
		[
			0,
			0,
			0,
			0,
			947,
			2,
			6,
			2,
			5,
			10
		],
		[
			2,
			0,
			0,
			6,
			0,
			863,
			6,
			0,
			6,
			2
		],
		[
			5,
			3,
			4,
			0,
			8,
			6,
			931,
			0,
			5,
			1
		],
		[
			1,
			1,
			11,
			10,
			5,
			1,
			0,
			991,
			7,
			13
		],
		[
			1,
			1,
			5,
			7,
			2,
			4,
			2,
			1,
			920,
			3
		],
		[
			0,
			0,
			1,
			1,
			16,
			2,
			0,
			7,
			7,
			955
		]
	],
	"succes_result" : 96.7996826171875,
	"total_correct" : 9679,
	"total_wrong" : 320
}