{
	"class_success_rate" : 
	[
		98.877548217773438,
		99.030838012695312,
		96.317832946777344,
		96.534652709960938,
		96.334014892578125,
		96.300445556640625,
		97.492164611816406,
		95.525291442871094,
		94.969200134277344,
		95.044601440429688
	],
	"confusion_matrix" : 
	[
		[
			969,
			0,
			11,
			0,
			1,
			3,
			7,
			1,
			5,
			3
		],
		[
			1,
			1124,
			2,
			0,
			1,
			1,
			3,
			19,
			3,
			8
		],
		[
			1,
			3,
			994,
			5,
			3,
			0,
			1,
			13,
			4,
			1
		],
		[
			1,
			2,
			2,
			975,
			0,
			11,
			0,
			1,
			7,
			9
		],
		[
			0,
			1,
			4,
			0,
			946,
			2,
			4,
			2,
			5,
			12
		],
		[
			2,
			0,
			0,
			9,
			1,
			859,
			6,
			0,
			8,
			2
		],
		[
			4,
			3,
			4,
			0,
			9,
			8,
			933,
			0,
			7,
			2
		],
		[
			1,
			1,
			11,
			11,
			5,
			3,
			0,
			982,
			5,
			7
		],
		[
			1,
			1,
			3,
			8,
			2,
			3,
			3,
			1,
			925,
			6
		],
		[
			0,
			0,
			1,
			2,
			14,
			2,
			0,
			9,
			5,
			959
		]
	],
	"succes_result" : 96.669670104980469,
	"total_correct" : 9666,
	"total_wrong" : 333
}