{
	"class_success_rate" : 
	[
		98.571426391601562,
		99.030838012695312,
		96.608528137207031,
		95.841583251953125,
		94.908348083496094,
		95.627799987792969,
		97.701148986816406,
		95.038909912109375,
		94.045173645019531,
		93.95440673828125
	],
	"confusion_matrix" : 
	[
		[
			966,
			0,
			8,
			0,
			1,
			4,
			7,
			0,
			6,
			6
		],
		[
			1,
			1124,
			0,
			0,
			1,
			2,
			3,
			18,
			2,
			7
		],
		[
			1,
			3,
			997,
			7,
			4,
			1,
			1,
			11,
			3,
			1
		],
		[
			1,
			2,
			5,
			968,
			0,
			8,
			1,
			5,
			10,
			6
		],
		[
			0,
			0,
			4,
			1,
			932,
			2,
			5,
			2,
			8,
			16
		],
		[
			4,
			2,
			0,
			14,
			1,
			853,
			5,
			0,
			11,
			7
		],
		[
			6,
			2,
			4,
			0,
			11,
			10,
			935,
			0,
			6,
			1
		],
		[
			1,
			1,
			8,
			8,
			6,
			2,
			0,
			977,
			7,
			11
		],
		[
			0,
			1,
			6,
			10,
			2,
			6,
			0,
			0,
			916,
			6
		],
		[
			0,
			0,
			0,
			2,
			24,
			4,
			0,
			15,
			5,
			948
		]
	],
	"succes_result" : 96.16961669921875,
	"total_correct" : 9616,
	"total_wrong" : 383
}