{
	"class_success_rate" : 
	[
		98.877548217773438,
		99.207046508789062,
		97.965118408203125,
		98.019798278808594,
		97.148674011230469,
		97.197311401367188,
		98.328109741210938,
		95.525291442871094,
		98.254623413085938,
		97.026756286621094
	],
	"confusion_matrix" : 
	[
		[
			969,
			0,
			4,
			0,
			1,
			4,
			6,
			1,
			3,
			2
		],
		[
			0,
			1126,
			0,
			0,
			0,
			0,
			2,
			10,
			0,
			3
		],
		[
			1,
			2,
			1011,
			6,
			2,
			0,
			0,
			13,
			1,
			0
		],
		[
			0,
			2,
			1,
			990,
			0,
			10,
			1,
			3,
			3,
			7
		],
		[
			1,
			0,
			1,
			1,
			954,
			0,
			1,
			2,
			1,
			7
		],
		[
			1,
			1,
			1,
			3,
			0,
			867,
			3,
			1,
			6,
			5
		],
		[
			5,
			1,
			2,
			0,
			7,
			3,
			941,
			0,
			1,
			1
		],
		[
			1,
			1,
			6,
			4,
			1,
			1,
			0,
			982,
			1,
			2
		],
		[
			2,
			2,
			6,
			4,
			2,
			4,
			3,
			1,
			957,
			3
		],
		[
			0,
			0,
			0,
			2,
			15,
			3,
			0,
			15,
			1,
			979
		]
	],
	"succes_result" : 97.769775390625,
	"total_correct" : 9776,
	"total_wrong" : 223
}