{
	"class_success_rate" : 
	[
		98.673469543457031,
		99.030838012695312,
		96.608528137207031,
		96.6336669921875,
		95.213851928710938,
		94.955154418945312,
		97.178680419921875,
		95.428016662597656,
		94.045173645019531,
		94.350845336914062
	],
	"confusion_matrix" : 
	[
		[
			967,
			0,
			11,
			0,
			1,
			5,
			8,
			1,
			6,
			3
		],
		[
			1,
			1124,
			1,
			0,
			0,
			2,
			3,
			13,
			3,
			7
		],
		[
			1,
			2,
			997,
			5,
			4,
			1,
			1,
			12,
			4,
			0
		],
		[
			1,
			3,
			0,
			976,
			0,
			16,
			1,
			2,
			13,
			15
		],
		[
			0,
			1,
			3,
			0,
			935,
			3,
			7,
			3,
			8,
			15
		],
		[
			2,
			0,
			0,
			8,
			0,
			847,
			7,
			0,
			8,
			4
		],
		[
			5,
			2,
			6,
			0,
			10,
			7,
			930,
			0,
			4,
			1
		],
		[
			2,
			1,
			11,
			13,
			5,
			2,
			0,
			981,
			6,
			9
		],
		[
			1,
			2,
			3,
			6,
			1,
			4,
			0,
			0,
			916,
			3
		],
		[
			0,
			0,
			0,
			2,
			26,
			5,
			0,
			16,
			6,
			952
		]
	],
	"succes_result" : 96.259628295898438,
	"total_correct" : 9625,
	"total_wrong" : 374
}