{
	"class_success_rate" : 
	[
		98.673469543457031,
		99.207046508789062,
		96.899223327636719,
		96.732673645019531,
		96.843177795410156,
		96.188339233398438,
		97.387672424316406,
		95.719841003417969,
		95.174537658691406,
		95.242813110351562
	],
	"confusion_matrix" : 
	[
		[
			967,
			0,
			9,
			1,
			2,
			3,
			7,
			2,
			6,
			5
		],
		[
			1,
			1126,
			0,
			3,
			1,
			2,
			3,
			16,
			2,
			6
		],
		[
			1,
			4,
			1000,
			4,
			2,
			0,
			1,
			7,
			4,
			1
		],
		[
			1,
			2,
			2,
			977,
			0,
			9,
			1,
			2,
			4,
			7
		],
		[
			0,
			0,
			1,
			0,
			951,
			2,
			5,
			2,
			8,
			11
		],
		[
			2,
			0,
			0,
			6,
			0,
			858,
			7,
			0,
			8,
			1
		],
		[
			6,
			1,
			4,
			0,
			7,
			8,
			932,
			0,
			3,
			1
		],
		[
			1,
			1,
			11,
			9,
			4,
			1,
			0,
			984,
			8,
			8
		],
		[
			1,
			1,
			5,
			8,
			1,
			6,
			1,
			1,
			927,
			8
		],
		[
			0,
			0,
			0,
			2,
			14,
			3,
			0,
			14,
			4,
			961
		]
	],
	"succes_result" : 96.839683532714844,
	"total_correct" : 9683,
	"total_wrong" : 316
}