{
	"class_success_rate" : 
	[
		98.979591369628906,
		98.942733764648438,
		97.577522277832031,
		97.920791625976562,
		96.537681579589844,
		97.869956970214844,
		98.432601928710938,
		96.887161254882812,
		98.151947021484375,
		96.630325317382812
	],
	"confusion_matrix" : 
	[
		[
			970,
			0,
			6,
			0,
			2,
			2,
			5,
			0,
			5,
			4
		],
		[
			0,
			1123,
			2,
			0,
			0,
			0,
			2,
			9,
			0,
			4
		],
		[
			1,
			2,
			1007,
			4,
			4,
			0,
			2,
			9,
			1,
			0
		],
		[
			0,
			3,
			1,
			989,
			0,
			9,
			1,
			3,
			1,
			5
		],
		[
			1,
			0,
			2,
			0,
			948,
			0,
			1,
			2,
			1,
			9
		],
		[
			1,
			1,
			1,
			5,
			0,
			873,
			2,
			1,
			6,
			4
		],
		[
			4,
			2,
			2,
			0,
			7,
			2,
			942,
			0,
			1,
			0
		],
		[
			1,
			1,
			7,
			6,
			3,
			1,
			0,
			996,
			2,
			5
		],
		[
			2,
			3,
			4,
			4,
			1,
			3,
			2,
			1,
			956,
			3
		],
		[
			0,
			0,
			0,
			2,
			17,
			2,
			0,
			7,
			1,
			975
		]
	],
	"succes_result" : 97.799781799316406,
	"total_correct" : 9779,
	"total_wrong" : 220
}